Date,Cash Reserve Ratio,Statutory Liquidity Ratio,Policy Repo Rate,Reverse Repo Rate,Marginal Standing Facility (MSF) Rate,Bank Rate,Call Money Rate (Weighted Average),910Day Treasury Bill (Primary) Yield,INR0US$ Spot Rate ( Rs. Per Foreign Currency),INR0Euro Spot Rate ( Rs. Per Foreign Currency),Forward Premia of US$ 10month,Forward Premia of US$ 30month
2011-04-01,6.0,24.0,6.75,5.75,0.0,6.0,7.6,0.0,0.0,0.0,0.0,0.0
2011-04-08,6.0,24.0,6.75,5.75,0.0,6.0,6.22,0.0,0.0,0.0,0.0,0.0
2011-04-15,6.0,24.0,6.75,5.75,0.0,6.0,6.77,0.0,0.0,0.0,0.0,0.0
2011-04-22,6.0,24.0,6.75,5.75,0.0,6.0,6.4,0.0,0.0,0.0,0.0,0.0
2011-04-29,6.0,24.0,6.75,5.75,0.0,6.0,6.87,0.0,0.0,0.0,0.0,0.0
2011-05-06,6.0,24.0,7.25,6.5,8.25,6.0,6.75,0.0,0.0,0.0,0.0,0.0
2011-05-13,6.0,24.0,7.25,6.5,8.25,6.0,7.39,0.0,0.0,0.0,0.0,0.0
2011-05-20,6.0,24.0,7.25,6.5,8.25,6.0,7.35,0.0,0.0,0.0,0.0,0.0
2011-05-27,6.0,24.0,7.25,6.5,8.25,6.0,7.4,0.0,0.0,0.0,0.0,0.0
2011-06-03,6.0,24.0,7.25,6.5,8.25,6.0,7.3,0.0,0.0,0.0,0.0,0.0
2011-06-10,6.0,24.0,7.25,6.5,8.25,6.0,7.36,0.0,0.0,0.0,0.0,0.0
2011-06-17,6.0,24.0,7.5,6.5,8.5,6.0,7.4,0.0,0.0,0.0,0.0,0.0
2011-06-24,6.0,24.0,7.5,6.5,8.5,6.0,7.67,0.0,0.0,0.0,0.0,0.0
2011-07-01,6.0,24.0,7.5,6.5,8.5,6.0,7.57,0.0,0.0,0.0,0.0,0.0
2011-07-08,6.0,24.0,7.5,6.5,8.5,6.0,7.49,0.0,0.0,0.0,0.0,0.0
2011-07-15,6.0,24.0,7.5,6.5,8.5,6.0,7.57,0.0,0.0,0.0,0.0,0.0
2011-07-22,6.0,24.0,7.5,6.5,9.0,6.0,7.62,0.0,0.0,0.0,0.0,0.0
2011-07-29,6.0,24.0,8.0,7.0,9.0,6.0,7.82,0.0,0.0,0.0,0.0,0.0
2011-08-05,6.0,24.0,8.0,7.0,9.0,6.0,7.97,0.0,0.0,0.0,0.0,0.0
2011-08-12,6.0,24.0,8.0,7.0,9.0,6.0,7.97,0.0,0.0,0.0,0.0,0.0
2011-08-19,6.0,24.0,8.0,7.0,9.0,6.0,7.98,0.0,0.0,0.0,0.0,0.0
2011-08-26,6.0,24.0,8.0,7.0,9.0,6.0,7.96,0.0,0.0,0.0,0.0,0.0
2011-09-02,6.0,24.0,8.0,7.0,9.0,6.0,8.01,0.0,0.0,0.0,0.0,0.0
2011-09-09,6.0,24.0,8.0,7.0,9.0,6.0,7.94,0.0,0.0,0.0,0.0,0.0
2011-09-16,6.0,24.0,8.25,7.25,9.25,6.0,8.03,0.0,0.0,0.0,0.0,0.0
2011-09-23,6.0,24.0,8.25,7.25,9.25,6.0,8.25,0.0,0.0,0.0,0.0,0.0
2011-09-30,6.0,24.0,8.25,7.25,9.25,6.0,8.27,0.0,0.0,0.0,0.0,0.0
2011-10-07,6.0,24.0,8.25,7.25,9.25,6.0,8.04,0.0,0.0,0.0,0.0,0.0
2011-10-14,6.0,24.0,8.25,7.25,9.25,6.0,8.27,0.0,0.0,0.0,0.0,0.0
2011-10-21,6.0,24.0,8.25,7.25,9.25,6.0,8.26,0.0,0.0,0.0,0.0,0.0
2011-10-28,6.0,24.0,8.5,7.5,9.5,6.0,8.41,0.0,0.0,0.0,0.0,0.0
2011-11-04,6.0,24.0,8.5,7.5,9.5,6.0,8.47,0.0,0.0,0.0,0.0,0.0
2011-11-11,6.0,24.0,8.5,7.5,9.5,6.0,8.6,8.86,50.28,68.45,6.56,5.41
2011-11-18,6.0,24.0,8.5,7.5,9.5,6.0,8.58,8.9,51.35,69.26,6.31,4.67
2011-11-25,6.0,24.0,8.5,7.5,9.5,6.0,8.67,8.86,52.17,69.43,6.33,4.56
2011-12-02,6.0,24.0,8.5,7.5,9.5,6.0,8.54,8.81,51.35,69.14,7.01,5.3
2011-12-09,6.0,24.0,8.5,7.5,9.5,6.0,8.58,8.6,52.23,69.6,7.35,5.97
2011-12-16,6.0,24.0,8.5,7.5,9.5,6.0,8.66,8.48,52.81,68.81,7.73,6.85
2011-12-23,6.0,24.0,8.5,7.5,9.5,6.0,9.53,8.39,52.72,68.9,8.65,7.36
2011-12-30,6.0,24.0,8.5,7.5,9.5,6.0,9.1,8.48,53.26,68.9,8.11,6.76
2012-01-06,6.0,24.0,8.5,7.5,9.5,6.0,8.79,8.52,52.78,67.46,7.5,6.67
2012-01-13,6.0,24.0,8.5,7.5,9.5,6.0,8.68,8.56,51.43,66.17,8.63,7.62
2012-01-20,6.0,24.0,8.5,7.5,9.5,6.0,9.12,8.65,50.33,65.31,9.78,8.66
2012-01-27,6.0,24.0,8.5,7.5,9.5,6.0,8.98,8.73,49.65,65.05,8.94,8.78
2012-02-03,5.5,24.0,8.5,7.5,9.5,6.0,8.99,8.81,48.96,64.4,8.09,7.92
2012-02-10,5.5,24.0,8.5,7.5,9.5,6.0,8.69,8.9,49.64,65.8,8.46,8.14
2012-02-17,5.5,24.0,8.5,7.5,9.5,9.5,8.81,8.94,49.21,64.58,8.53,8.21
2012-02-24,5.5,24.0,8.5,7.5,9.5,9.5,8.73,9.02,49.07,65.57,8.93,8.44
2012-03-02,5.5,24.0,8.5,7.5,9.5,9.5,8.97,9.06,49.35,65.63,10.33,8.51
2012-03-09,5.5,24.0,8.5,7.5,9.5,9.5,8.84,9.06,50.02,66.18,9.96,8.72
2012-03-16,4.75,24.0,8.5,7.5,9.5,9.5,8.9,8.98,50.31,65.83,9.54,8.59
2012-03-23,4.75,24.0,8.5,7.5,9.5,9.5,9.01,8.98,50.91,67.4,10.61,8.72
2012-03-30,4.75,24.0,8.5,7.5,9.5,9.5,9.95,9.02,51.16,68.34,8.68,7.66
2012-04-06,4.75,24.0,8.5,7.5,9.5,9.5,9.27,8.81,51.05,67.39,8.34,7.76
2012-04-13,4.75,24.0,8.5,7.5,9.5,9.5,8.87,8.77,51.42,67.67,8.28,7.7
2012-04-20,4.75,24.0,8.0,7.0,9.0,9.0,8.47,8.31,52.0,68.4,8.42,7.69
2012-04-27,4.75,24.0,8.0,7.0,9.0,9.0,8.36,8.39,52.68,69.38,9.0,7.82
,4.75,24.0,8.0,7.0,9.0,9.0,8.37,8.44,53.72,70.65,8.04,7.37
,4.75,24.0,8.0,7.0,9.0,9.0,8.37,8.44,53.64,69.29,7.61,7.08
,4.75,24.0,8.0,7.0,9.0,9.0,8.22,8.39,54.88,69.49,7.76,7.03
,4.75,24.0,8.0,7.0,9.0,9.0,8.22,8.39,55.73,69.89,7.75,7.11
2012-06-01,4.75,24.0,8.0,7.0,9.0,9.0,8.1,8.39,55.92,69.13,7.3,6.8
2012-06-08,4.75,24.0,8.0,7.0,9.0,9.0,8.14,8.27,55.36,69.21,7.26,6.65
2012-06-15,4.75,24.0,8.0,7.0,9.0,9.0,8.06,8.14,55.76,70.44,6.89,6.6
2012-06-22,4.75,24.0,8.0,7.0,9.0,9.0,8.21,8.31,56.99,71.57,7.37,6.95
2012-06-29,4.75,24.0,8.0,7.0,9.0,9.0,8.13,8.31,56.31,70.91,7.67,7.17
2012-07-06,4.75,24.0,8.0,7.0,9.0,9.0,8.11,8.27,55.42,68.61,7.8,7.29
2012-07-13,4.75,24.0,8.0,7.0,9.0,9.0,8.07,8.23,55.66,67.88,7.65,7.11
2012-07-20,4.75,24.0,8.0,7.0,9.0,9.0,8.05,8.19,55.15,67.6,7.62,7.25
2012-07-27,4.75,24.0,8.0,7.0,9.0,9.0,7.97,8.14,55.41,68.1,7.58,7.15
2012-08-03,4.75,24.0,8.0,7.0,9.0,9.0,8.01,8.23,56.08,68.36,7.81,7.2
2012-08-10,4.75,24.0,8.0,7.0,9.0,9.0,8.0,8.23,55.34,68.04,7.81,7.37
2012-08-17,4.75,23.0,8.0,7.0,9.0,9.0,8.02,8.27,55.7,68.85,8.29,7.47
2012-08-24,4.75,23.0,8.0,7.0,9.0,9.0,7.93,8.23,55.38,69.48,7.8,7.44
2012-08-31,4.75,23.0,8.0,7.0,9.0,9.0,7.97,8.23,55.72,69.66,7.54,7.32
2012-09-07,4.75,23.0,8.0,7.0,9.0,9.0,7.65,8.14,55.52,70.2,7.24,7.13
2012-09-14,4.75,23.0,8.0,7.0,9.0,9.0,7.97,8.14,54.73,71.34,6.8,6.72
2012-09-21,4.75,23.0,8.0,7.0,9.0,9.0,8.02,8.1,53.91,70.01,6.57,6.46
2012-09-28,4.5,23.0,8.0,7.0,9.0,9.0,8.02,8.14,52.7,68.15,8.08,7.02
2012-10-05,4.5,23.0,8.0,7.0,9.0,9.0,7.81,8.06,51.62,67.17,7.79,7.21
2012-10-12,4.5,23.0,8.0,7.0,9.0,9.0,8.04,8.1,52.7,68.16,7.06,6.76
2012-10-19,4.5,23.0,8.0,7.0,9.0,9.0,8.04,8.1,53.72,70.17,6.92,6.33
2012-10-26,4.5,23.0,8.0,7.0,9.0,9.0,8.07,8.1,53.63,69.75,7.38,6.56
2012-11-02,4.5,23.0,8.0,7.0,9.0,9.0,8.02,8.14,53.66,69.24,7.16,6.86
2012-11-09,4.25,23.0,8.0,7.0,9.0,9.0,8.03,8.14,54.34,69.43,7.4,6.55
2012-11-16,4.25,23.0,8.0,7.0,9.0,9.0,8.05,8.19,54.99,70.22,6.87,6.26
2012-11-23,4.25,23.0,8.0,7.0,9.0,9.0,8.05,8.19,55.34,71.37,6.61,6.18
2012-11-30,4.25,23.0,8.0,7.0,9.0,9.0,8.03,8.19,54.53,70.89,7.26,6.42
2012-12-07,4.25,23.0,8.0,7.0,9.0,9.0,8.03,8.19,54.2,70.22,7.2,6.64
2012-12-14,4.25,23.0,8.0,7.0,9.0,9.0,7.97,8.19,54.39,71.29,7.28,6.77
2012-12-21,4.25,23.0,8.0,7.0,9.0,9.0,8.06,8.14,55.09,72.77,7.84,6.68
2012-12-28,4.25,23.0,8.0,7.0,9.0,9.0,8.07,8.19,54.85,72.63,7.77,6.78
2013-01-04,4.25,23.0,8.0,7.0,9.0,9.0,8.11,8.1,54.85,71.54,7.0,6.78
2013-01-11,4.25,23.0,8.0,7.0,9.0,9.0,8.0,8.06,54.54,72.29,7.37,7.04
2013-01-18,4.25,23.0,8.0,7.0,9.0,9.0,8.02,7.98,53.95,72.21,7.45,7.34
2013-01-25,4.25,23.0,8.0,7.0,9.0,9.0,8.0,7.98,53.85,71.72,7.24,7.43
2013-02-01,4.25,23.0,7.75,6.75,8.75,8.75,7.88,7.94,53.32,72.63,6.75,7.58
2013-02-08,4.25,23.0,7.75,6.75,8.75,8.75,7.75,7.98,53.57,71.79,7.17,7.69
2013-02-15,4.0,23.0,7.75,6.75,8.75,8.75,7.8,7.98,53.99,72.09,7.11,7.56
2013-02-22,4.0,23.0,7.75,6.75,8.75,8.75,7.85,8.02,54.43,71.91,7.5,7.94
2013-03-01,4.0,23.0,7.75,6.75,8.75,8.75,7.84,8.1,54.48,71.27,8.48,7.89
2013-03-08,4.0,23.0,7.75,6.75,8.75,8.75,7.72,8.1,54.4,71.24,8.6,7.79
2013-03-15,4.0,23.0,7.75,6.75,8.75,8.75,7.8,8.1,54.16,70.5,9.64,7.9
2013-03-22,4.0,23.0,7.5,6.5,8.5,8.5,7.65,8.02,54.34,70.1,9.05,7.95
2013-03-29,4.0,23.0,7.5,6.5,8.5,8.5,8.65,8.19,54.39,69.54,7.72,7.57
2013-04-05,4.0,23.0,7.5,6.5,8.5,8.5,7.43,7.85,54.88,70.9,7.87,7.87
2013-04-12,4.0,23.0,7.5,6.5,8.5,8.5,7.59,7.81,54.44,71.33,7.6,7.53
2013-04-19,4.0,23.0,7.5,6.5,8.5,8.5,7.52,7.73,54.03,70.49,7.33,7.33
2013-04-26,4.0,23.0,7.5,6.5,8.5,8.5,7.57,7.64,54.29,70.68,7.29,7.22
,4.0,23.0,7.25,6.25,8.25,8.25,7.56,7.56,53.95,70.5,7.23,7.12
,4.0,23.0,7.25,6.25,8.25,8.25,7.3,7.48,54.54,71.11,7.04,6.89
,4.0,23.0,7.25,6.25,8.25,8.25,7.27,7.31,54.89,70.58,7.21,6.85
,4.0,23.0,7.25,6.25,8.25,8.25,7.27,7.27,55.61,71.94,7.12,6.62
,4.0,23.0,7.25,6.25,8.25,8.25,7.22,7.31,56.5,73.68,7.01,6.58
2013-06-07,4.0,23.0,7.25,6.25,8.25,8.25,7.29,7.35,56.74,75.2,6.77,6.34
2013-06-14,4.0,23.0,7.25,6.25,8.25,8.25,7.25,7.48,57.74,77.02,6.55,6.17
2013-06-21,4.0,23.0,7.25,6.25,8.25,8.25,7.26,7.44,59.35,78.59,6.87,6.4
2013-06-28,4.0,23.0,7.25,6.25,8.25,8.25,7.19,7.48,59.7,77.98,6.63,6.23
2013-07-05,4.0,23.0,7.25,6.25,8.25,8.25,6.95,7.52,60.34,77.81,7.16,6.17
2013-07-12,4.0,23.0,7.25,6.25,8.25,8.25,7.09,7.48,59.9,78.32,6.81,6.54
2013-07-19,4.0,23.0,7.25,6.25,10.25,10.25,7.74,0.0,59.8,78.52,8.23,8.03
2013-07-26,4.0,23.0,7.25,6.25,10.25,10.25,8.33,11.0,58.91,78.22,10.29,9.81
2013-08-02,4.0,23.0,7.25,6.25,10.25,10.25,9.45,11.26,60.8,80.37,9.87,9.34
2013-08-09,4.0,23.0,7.25,6.25,10.25,10.25,9.3,10.92,61.12,81.54,10.01,9.36
2013-08-16,4.0,23.0,7.25,6.25,10.25,10.25,10.18,11.43,61.82,82.45,10.29,9.9
2013-08-23,4.0,23.0,7.25,6.25,10.25,10.25,10.21,11.05,64.69,86.3,10.02,9.18
2013-08-30,4.0,23.0,7.25,6.25,10.25,10.25,10.23,12.02,66.57,88.16,10.09,9.16
2013-09-06,4.0,23.0,7.25,6.25,10.25,10.25,10.1,11.26,65.96,86.58,10.01,9.19
2013-09-13,4.0,23.0,7.25,6.25,10.25,10.25,10.38,10.66,63.79,84.67,10.44,9.91
2013-09-20,4.0,23.0,7.5,6.5,9.5,9.5,10.29,10.45,62.24,84.23,9.93,9.22
2013-09-27,4.0,23.0,7.5,6.5,9.5,9.5,9.46,9.69,61.81,83.42,10.97,9.93
2013-10-04,4.0,23.0,7.5,6.5,9.5,9.5,9.44,9.57,61.41,83.68,10.36,9.45
2013-10-11,4.0,23.0,7.5,6.5,9.0,9.0,9.08,8.86,61.16,82.78,9.42,8.89
2013-10-18,4.0,23.0,7.5,6.5,9.0,9.0,8.91,8.9,61.28,83.8,9.5,9.07
2013-10-25,4.0,23.0,7.5,6.5,9.0,9.0,8.98,8.77,61.63,85.14,9.15,8.86
2013-11-01,4.0,23.0,7.75,6.75,8.75,8.75,8.67,8.6,61.9,83.88,8.53,8.53
2013-11-08,4.0,23.0,7.75,6.75,8.75,8.75,8.18,8.56,62.73,84.06,8.61,8.8
2013-11-15,4.0,23.0,7.75,6.75,8.75,8.75,8.7,8.98,63.06,84.95,8.94,9.13
2013-11-22,4.0,23.0,7.75,6.75,8.75,8.75,8.68,8.94,63.02,84.92,9.14,9.14
2013-11-29,4.0,23.0,7.75,6.75,8.75,8.75,8.27,8.94,62.39,84.98,9.04,8.59
2013-12-06,4.0,23.0,7.75,6.75,8.75,8.75,7.23,8.65,61.67,84.25,8.95,8.69
2013-12-13,4.0,23.0,7.75,6.75,8.75,8.75,7.63,8.77,62.13,85.41,9.08,9.01
2013-12-20,4.0,23.0,7.75,6.75,8.75,8.75,8.64,8.65,62.24,84.88,9.25,8.74
2013-12-27,4.0,23.0,7.75,6.75,8.75,8.75,8.72,8.69,62.06,85.27,9.28,8.64
2014-01-03,4.0,23.0,7.75,6.75,8.75,8.75,8.19,8.73,62.41,85.2,8.46,8.4
2014-01-10,4.0,23.0,7.75,6.75,8.75,8.75,8.25,8.73,61.94,84.31,9.3,8.52
2014-01-17,4.0,23.0,7.75,6.75,8.75,8.75,8.57,8.73,61.35,83.52,8.8,8.74
2014-01-24,4.0,23.0,7.75,6.75,8.75,8.75,8.11,8.69,62.18,85.09,8.59,8.49
2014-01-31,4.0,23.0,8.0,7.0,9.0,9.0,8.11,8.9,62.48,84.6,8.07,8.58
2014-02-07,4.0,23.0,8.0,7.0,9.0,9.0,7.95,8.98,62.32,84.68,8.09,8.67
2014-02-14,4.0,23.0,8.0,7.0,9.0,9.0,8.9,9.11,62.28,85.18,8.29,8.86
2014-02-21,4.0,23.0,8.0,7.0,9.0,9.0,8.09,9.11,62.16,85.27,8.3,8.94
2014-02-28,4.0,23.0,8.0,7.0,9.0,9.0,7.93,9.15,62.07,85.03,9.47,9.09
2014-03-07,4.0,23.0,8.0,7.0,9.0,9.0,7.88,9.19,60.99,84.53,10.63,9.71
2014-03-14,4.0,23.0,8.0,7.0,9.0,9.0,8.18,9.27,61.52,85.23,11.12,9.23
2014-03-21,4.0,23.0,8.0,7.0,9.0,9.0,8.88,9.19,61.05,84.18,10.03,8.85
2014-03-28,4.0,23.0,8.0,7.0,9.0,9.0,8.59,8.86,60.1,82.58,9.78,8.79
2014-04-04,4.0,23.0,8.0,7.0,9.0,9.0,8.48,8.94,60.32,82.65,8.55,8.42
2014-04-11,4.0,23.0,8.0,7.0,9.0,9.0,8.12,8.9,60.27,83.74,8.56,8.5
2014-04-18,4.0,23.0,8.0,7.0,9.0,9.0,8.07,8.85,60.38,83.57,8.35,8.41
2014-04-25,4.0,23.0,8.0,7.0,9.0,9.0,8.46,8.86,61.12,84.52,8.34,8.38
,4.0,23.0,8.0,7.0,9.0,9.0,8.58,8.86,60.23,83.46,8.27,7.94
,4.0,23.0,8.0,7.0,9.0,9.0,8.04,8.81,60.05,83.07,8.39,8.39
,4.0,23.0,8.0,7.0,9.0,9.0,8.26,8.86,58.86,80.72,8.26,7.95
,4.0,23.0,8.0,7.0,9.0,9.0,7.87,8.65,58.48,79.81,8.62,8.48
,4.0,23.0,8.0,7.0,9.0,9.0,7.78,8.65,59.03,80.34,8.13,8.54
2014-06-06,4.0,23.0,8.0,7.0,9.0,9.0,7.9,8.52,59.2,80.83,8.41,8.65
2014-06-13,4.0,23.0,8.0,7.0,9.0,9.0,8.0,8.56,59.48,80.71,8.57,8.68
2014-06-20,4.0,22.5,8.0,7.0,9.0,9.0,8.18,8.56,60.28,82.12,8.56,8.76
2014-06-27,4.0,22.5,8.0,7.0,9.0,9.0,8.11,8.56,60.1,81.88,8.69,8.79
2014-07-04,4.0,22.5,8.0,7.0,9.0,9.0,8.08,8.52,59.79,81.32,8.73,8.76
2014-07-11,4.0,22.5,8.0,7.0,9.0,9.0,8.45,8.56,60.19,81.87,9.87,8.57
2014-07-18,4.0,22.5,8.0,7.0,9.0,9.0,8.05,8.6,60.33,81.58,8.75,8.55
2014-07-25,4.0,22.5,8.0,7.0,9.0,9.0,8.67,8.6,60.14,81.02,8.18,8.71
2014-08-01,4.0,22.5,8.0,7.0,9.0,9.0,8.05,8.65,60.85,81.46,8.87,8.55
2014-08-08,4.0,22.5,8.0,7.0,9.0,9.0,7.97,8.65,61.56,82.41,8.77,8.58
2014-08-15,4.0,22.0,8.0,7.0,9.0,9.0,8.25,8.65,61.06,81.56,9.14,8.52
2014-08-22,4.0,22.0,8.0,7.0,9.0,9.0,7.86,8.65,60.44,80.35,8.74,8.6
2014-08-29,4.0,22.0,8.0,7.0,9.0,9.0,8.01,8.6,60.47,79.86,9.82,8.47
2014-09-05,4.0,22.0,8.0,7.0,9.0,9.0,7.48,8.6,60.44,78.2,8.44,8.54
2014-09-12,4.0,22.0,8.0,7.0,9.0,9.0,7.82,8.6,60.84,78.64,8.38,8.51
2014-09-19,4.0,22.0,8.0,7.0,9.0,9.0,7.93,8.6,60.81,78.47,9.47,8.49
2014-09-26,4.0,22.0,8.0,7.0,9.0,9.0,7.85,8.52,61.57,78.45,8.38,8.32
2014-10-03,4.0,22.0,8.0,7.0,9.0,9.0,7.76,8.52,61.75,77.95,8.94,8.16
2014-10-10,4.0,22.0,8.0,7.0,9.0,9.0,7.91,8.48,61.16,77.67,8.24,8.11
2014-10-17,4.0,22.0,8.0,7.0,9.0,9.0,7.79,8.48,61.62,78.89,8.18,7.98
2014-10-24,4.0,22.0,8.0,7.0,9.0,9.0,8.43,8.44,61.24,77.97,8.03,8.03
2014-10-31,4.0,22.0,8.0,7.0,9.0,9.0,7.91,8.44,61.41,77.19,7.62,7.88
2014-11-07,4.0,22.0,8.0,7.0,9.0,9.0,7.67,8.31,61.52,76.16,7.41,7.61
2014-11-14,4.0,22.0,8.0,7.0,9.0,9.0,7.89,8.31,61.65,76.7,7.79,7.92
2014-11-21,4.0,22.0,8.0,7.0,9.0,9.0,7.82,8.27,61.85,77.62,8.15,7.95
2014-11-28,4.0,22.0,8.0,7.0,9.0,9.0,7.9,8.27,61.97,77.16,7.84,7.49
2014-12-05,4.0,22.0,8.0,7.0,9.0,9.0,7.85,8.23,61.85,76.53,8.15,7.57
2014-12-12,4.0,22.0,8.0,7.0,9.0,9.0,7.88,8.23,62.44,77.38,8.07,7.3
2014-12-19,4.0,22.0,8.0,7.0,9.0,9.0,8.33,8.35,63.07,77.46,8.09,7.33
2014-12-26,4.0,22.0,8.0,7.0,9.0,9.0,8.1,8.35,63.64,77.74,7.92,7.23
2015-01-02,4.0,22.0,8.0,7.0,9.0,9.0,8.22,8.31,63.29,76.31,7.96,7.58
2015-01-09,4.0,22.0,8.0,7.0,9.0,9.0,8.03,8.39,62.4,73.61,8.08,7.76
2015-01-16,4.0,22.0,7.75,6.75,8.75,8.75,7.94,8.39,61.89,72.01,7.95,7.63
2015-01-23,4.0,22.0,7.75,6.75,8.75,8.75,7.85,8.19,61.5,69.62,7.61,7.74
2015-01-30,4.0,22.0,7.75,6.75,8.75,8.75,7.79,8.23,61.76,70.03,7.09,7.84
2015-02-06,4.0,22.0,7.75,6.75,8.75,8.75,7.64,8.27,61.74,70.79,7.09,7.81
2015-02-13,4.0,21.5,7.75,6.75,8.75,8.75,7.78,8.27,62.14,71.05,7.34,7.79
2015-02-20,4.0,21.5,7.75,6.75,8.75,8.75,7.68,8.35,62.26,70.72,7.23,7.9
2015-02-27,4.0,21.5,7.75,6.75,8.75,8.75,7.65,8.39,61.79,69.29,9.32,8.29
2015-03-06,4.0,21.5,7.5,6.5,8.5,8.5,7.35,8.23,62.2,68.6,8.49,8.1
2015-03-13,4.0,21.5,7.5,6.5,8.5,8.5,7.37,8.31,62.67,66.42,8.9,8.17
2015-03-20,4.0,21.5,7.5,6.5,8.5,8.5,7.48,8.31,62.49,66.8,9.03,8.19
2015-03-27,4.0,21.5,7.5,6.5,8.5,8.5,7.36,8.27,62.61,68.15,9.78,8.5
2015-04-03,4.0,21.5,7.5,6.5,8.5,8.5,9.23,0.0,62.59,67.51,7.86,7.86
2015-04-10,4.0,21.5,7.5,6.5,8.5,8.5,7.36,7.85,62.37,66.49,7.89,7.82
2015-04-17,4.0,21.5,7.5,6.5,8.5,8.5,7.39,7.85,62.35,67.13,7.99,7.83
2015-04-24,4.0,21.5,7.5,6.5,8.5,8.5,7.51,7.89,63.4,68.49,7.67,7.51
,4.0,21.5,7.5,6.5,8.5,8.5,7.53,7.94,63.58,70.53,8.49,7.61
,4.0,21.5,7.5,6.5,8.5,8.5,7.39,7.98,64.05,71.76,7.96,7.62
,4.0,21.5,7.5,6.5,8.5,8.5,7.38,7.98,63.58,72.38,7.93,7.61
,4.0,21.5,7.5,6.5,8.5,8.5,7.56,7.89,63.57,70.93,7.74,7.55
,4.0,21.5,7.5,6.5,8.5,8.5,7.52,7.85,63.76,69.91,7.34,7.28
2015-06-05,4.0,21.5,7.25,6.25,8.25,8.25,7.19,7.69,63.9,71.82,7.23,7.32
2015-06-12,4.0,21.5,7.25,6.25,8.25,8.25,7.17,7.69,64.03,71.9,7.31,7.31
2015-06-19,4.0,21.5,7.25,6.25,8.25,8.25,7.02,7.69,63.82,72.36,7.15,7.33
2015-06-26,4.0,21.5,7.25,6.25,8.25,8.25,7.08,7.69,63.6,71.23,7.36,7.3
2015-07-03,4.0,21.5,7.25,6.25,8.25,8.25,7.04,7.56,63.4,70.33,7.29,7.26
2015-07-10,4.0,21.5,7.25,6.25,8.25,8.25,7.02,7.52,63.38,70.43,7.38,7.32
2015-07-17,4.0,21.5,7.25,6.25,8.25,8.25,7.05,7.52,63.49,69.14,7.37,7.31
2015-07-24,4.0,21.5,7.25,6.25,8.25,8.25,7.03,7.48,63.89,70.12,7.32,7.2
2015-07-31,4.0,21.5,7.25,6.25,8.25,8.25,7.06,7.48,64.01,70.16,7.12,7.12
2015-08-07,4.0,21.5,7.25,6.25,8.25,8.25,7.05,7.44,63.81,69.66,7.15,7.27
2015-08-14,4.0,21.5,7.25,6.25,8.25,8.25,7.09,7.27,65.12,72.56,7.46,6.85
2015-08-21,4.0,21.5,7.25,6.25,8.25,8.25,7.11,7.44,65.83,74.27,7.75,7.05
2015-08-28,4.0,21.5,7.25,6.25,8.25,8.25,7.03,7.44,66.08,74.37,6.81,6.72
2015-09-04,4.0,21.5,7.25,6.25,8.25,8.25,7.07,7.44,66.4,73.89,6.69,6.63
2015-09-11,4.0,21.5,7.25,6.25,8.25,8.25,7.17,7.44,66.39,74.9,6.69,6.6
2015-09-18,4.0,21.5,7.25,6.25,8.25,8.25,7.28,7.48,65.93,75.13,6.92,6.67
2015-09-25,4.0,21.5,7.25,6.25,8.25,8.25,7.05,7.39,66.1,73.96,6.54,6.6
2015-10-02,4.0,21.5,6.75,5.75,7.75,7.75,6.97,7.06,65.55,73.08,6.77,6.59
2015-10-09,4.0,21.5,6.75,5.75,7.75,7.75,6.62,7.06,64.78,73.08,6.85,6.73
2015-10-16,4.0,21.5,6.75,5.75,7.75,7.75,6.72,7.06,64.97,73.99,6.74,6.65
2015-10-23,4.0,21.5,6.75,5.75,7.75,7.75,6.78,7.1,64.88,72.06,6.72,6.65
2015-10-30,4.0,21.5,6.75,5.75,7.75,7.75,6.77,7.1,65.22,71.67,6.53,6.62
2015-11-06,4.0,21.5,6.75,5.75,7.75,7.75,6.58,7.1,65.79,71.55,6.48,6.63
2015-11-13,4.0,21.5,6.75,5.75,7.75,7.75,6.91,7.14,66.14,71.26,6.53,6.53
2015-11-20,4.0,21.5,6.75,5.75,7.75,7.75,6.76,7.14,66.09,70.86,7.26,6.54
2015-11-27,4.0,21.5,6.75,5.75,7.75,7.75,6.81,7.14,66.75,70.88,7.1,6.32
2015-12-04,4.0,21.5,6.75,5.75,7.75,7.75,6.71,7.14,66.84,73.05,6.28,6.16
2015-12-11,4.0,21.5,6.75,5.75,7.75,7.75,6.66,7.19,66.79,73.1,6.47,6.17
2015-12-18,4.0,21.5,6.75,5.75,7.75,7.75,6.74,7.23,66.42,72.14,6.32,6.23
2015-12-25,4.0,21.5,6.75,5.75,7.75,7.75,6.76,7.23,66.2,72.41,6.34,6.22
2016-01-01,4.0,21.5,6.75,5.75,7.75,7.75,6.78,7.23,66.18,71.86,6.17,6.17
2016-01-08,4.0,21.5,6.75,5.75,7.75,7.75,6.79,7.23,66.67,72.53,6.3,6.27
2016-01-15,4.0,21.5,6.75,5.75,7.75,7.75,6.82,7.23,67.43,73.39,7.12,6.58
2016-01-22,4.0,21.5,6.75,5.75,7.75,7.75,6.81,7.31,67.75,73.41,6.73,6.44
2016-01-29,4.0,21.5,6.75,5.75,7.75,7.75,6.89,0.0,67.88,74.07,6.01,6.36
2016-02-05,4.0,21.5,6.75,5.75,7.75,7.75,6.67,7.35,67.64,75.73,6.12,6.56
2016-02-12,4.0,21.5,6.75,5.75,7.75,7.75,6.83,7.35,68.44,77.36,6.14,6.58
2016-02-19,4.0,21.5,6.75,5.75,7.75,7.75,6.79,7.35,68.49,76.33,6.39,6.83
2016-02-26,4.0,21.5,6.75,5.75,7.75,7.75,6.73,0.0,68.78,76.04,8.29,7.36
2016-03-04,4.0,21.5,6.75,5.75,7.75,7.75,6.77,7.27,67.27,73.67,8.38,7.49
2016-03-11,4.0,21.5,6.75,5.75,7.75,7.75,6.77,7.27,67.09,74.94,9.48,7.87
2016-03-18,4.0,21.5,6.75,5.75,7.75,7.75,6.88,7.27,66.61,75.3,8.74,7.57
2016-03-25,4.0,21.5,6.75,5.75,7.75,7.75,6.91,7.23,66.86,74.91,9.69,7.69
2016-04-01,4.0,21.5,6.75,5.75,7.75,7.75,7.35,7.27,66.33,75.1,6.78,6.63
2016-04-08,4.0,21.25,6.5,6.0,7.0,7.0,6.46,6.85,66.47,75.9,6.68,6.5
2016-04-15,4.0,21.25,6.5,6.0,7.0,7.0,6.45,6.81,66.43,75.46,7.23,6.89
2016-04-22,4.0,21.25,6.5,6.0,7.0,7.0,6.49,6.81,66.49,75.1,7.22,6.98
2016-04-29,4.0,21.25,6.5,6.0,7.0,7.0,6.49,6.81,66.52,75.73,7.22,6.8
,4.0,21.25,6.5,6.0,7.0,7.0,6.39,6.85,66.58,75.93,6.85,6.7
,4.0,21.25,6.5,6.0,7.0,7.0,6.51,6.85,66.76,75.72,6.65,6.71
,4.0,21.25,6.5,6.0,7.0,7.0,6.44,6.85,67.41,75.54,6.59,6.44
,4.0,21.25,6.5,6.0,7.0,7.0,6.42,6.27,67.06,75.09,6.35,6.44
2016-06-03,4.0,21.25,6.5,6.0,7.0,7.0,6.34,6.85,67.24,74.99,6.16,6.34
2016-06-10,4.0,21.25,6.5,6.0,7.0,7.0,6.34,6.81,66.79,75.47,6.29,6.47
2016-06-17,4.0,21.25,6.5,6.0,7.0,7.0,6.37,6.77,67.17,75.46,6.43,6.58
2016-06-24,4.0,21.25,6.5,6.0,7.0,7.0,6.33,6.77,68.01,75.1,6.35,6.32
2016-07-01,4.0,21.25,6.5,6.0,7.0,7.0,6.3,6.73,67.44,74.74,6.41,6.38
2016-07-08,4.0,21.25,6.5,6.0,7.0,7.0,6.31,6.6,67.46,74.72,6.4,6.34
2016-07-15,4.0,21.0,6.5,6.0,7.0,7.0,6.36,6.56,67.07,74.6,6.44,6.26
2016-07-22,4.0,21.0,6.5,6.0,7.0,7.0,6.38,6.56,67.14,74.03,6.35,6.23
2016-07-29,4.0,21.0,6.5,6.0,7.0,7.0,6.39,6.56,67.03,74.27,6.35,6.24
2016-08-05,4.0,21.0,6.5,6.0,7.0,7.0,6.37,6.56,66.81,74.45,6.47,6.29
2016-08-12,4.0,21.0,6.5,6.0,7.0,7.0,6.45,6.56,66.83,74.46,6.64,6.34
2016-08-19,4.0,21.0,6.5,6.0,7.0,7.0,6.39,6.56,66.93,75.87,6.45,6.28
2016-08-26,4.0,21.0,6.5,6.0,7.0,7.0,6.4,6.56,67.03,75.74,6.44,6.24
2016-09-02,4.0,21.0,6.5,6.0,7.0,7.0,6.38,6.56,66.84,74.8,6.46,6.28
2016-09-09,4.0,21.0,6.5,6.0,7.0,7.0,6.38,6.56,66.55,75.02,6.31,6.13
2016-09-16,4.0,21.0,6.5,6.0,7.0,7.0,6.44,6.52,66.88,75.15,6.46,6.22
2016-09-23,4.0,21.0,6.5,6.0,7.0,7.0,6.43,6.52,66.65,74.67,6.39,6.03
2016-09-30,4.0,21.0,6.5,6.0,7.0,7.0,6.43,6.52,66.66,74.75,6.66,6.21
2016-10-07,4.0,20.75,6.25,5.75,6.75,6.75,6.23,6.36,66.79,74.27,6.65,5.84
2016-10-14,4.0,20.75,6.25,5.75,6.75,6.75,6.21,6.36,66.85,73.69,6.28,5.83
2016-10-21,4.0,20.75,6.25,5.75,6.75,6.75,6.23,6.4,66.89,72.98,5.92,5.56
2016-10-28,4.0,20.75,6.25,5.75,6.75,6.75,6.18,6.36,66.86,72.91,5.38,5.38
2016-11-04,4.0,20.75,6.25,5.75,6.75,6.75,6.14,6.4,66.72,74.05,5.49,5.58
2016-11-11,4.0,20.75,6.25,5.75,6.75,6.75,6.21,6.31,67.03,73.12,5.19,5.07
2016-11-18,4.0,20.75,6.25,5.75,6.75,6.75,6.0,5.94,68.09,72.21,4.41,4.49
2016-11-25,4.0,20.75,6.25,5.75,6.75,6.75,5.94,5.86,68.46,72.39,2.19,3.16
2016-12-02,4.0,20.75,6.25,5.75,6.75,6.75,6.28,5.94,68.37,73.04,3.51,3.69
2016-12-09,4.0,20.75,6.25,5.75,6.75,6.75,6.15,5.94,67.58,71.76,4.51,4.07
2016-12-16,4.0,20.75,6.25,5.75,6.75,6.75,6.09,6.19,67.78,70.75,4.43,4.25
2016-12-23,4.0,20.75,6.25,5.75,6.75,6.75,6.1,6.23,67.91,70.95,4.42,4.27
2016-12-30,4.0,20.75,6.25,5.75,6.75,6.75,6.12,6.27,67.95,71.62,3.88,4.15
2017-01-06,4.0,20.75,6.25,5.75,6.75,6.75,6.07,6.19,67.95,71.87,4.59,4.59
2017-01-13,4.0,20.5,6.25,5.75,6.75,6.75,6.09,6.27,68.23,72.48,5.1,4.87
2017-01-20,4.0,20.5,6.25,5.75,6.75,6.75,5.98,6.27,68.09,72.73,5.46,4.93
2017-01-27,4.0,20.5,6.25,5.75,6.75,6.75,5.98,6.23,68.2,72.75,4.4,4.84
2017-02-03,4.0,20.5,6.25,5.75,6.75,6.75,6.0,6.19,67.38,72.44,4.45,4.99
2017-02-10,4.0,20.5,6.25,5.75,6.75,6.75,6.05,6.11,66.94,71.33,4.84,5.32
2017-02-17,4.0,20.5,6.25,5.75,6.75,6.75,6.03,6.19,67.05,71.51,4.65,5.07
2017-02-24,4.0,20.5,6.25,5.75,6.75,6.75,5.95,6.15,66.84,70.54,4.85,5.15
2017-03-03,4.0,20.5,6.25,5.75,6.75,6.75,5.96,6.07,66.84,70.35,5.21,5.15
2017-03-10,4.0,20.5,6.25,5.75,6.75,6.75,5.97,5.94,66.69,70.64,5.58,4.92
2017-03-17,4.0,20.5,6.25,5.75,6.75,6.75,5.99,5.94,65.54,70.61,5.68,5.13
2017-03-24,4.0,20.5,6.25,5.75,6.75,6.75,5.95,5.86,65.46,70.47,5.22,5.01
2017-03-31,4.0,20.5,6.25,5.75,6.75,6.75,5.97,5.82,64.84,69.25,5.09,4.97
2017-04-07,4.0,20.5,6.25,6.0,6.5,6.5,5.84,5.86,64.39,68.56,5.4,5.34
2017-04-14,4.0,20.5,6.25,6.0,6.5,6.5,5.94,5.98,64.32,68.62,5.22,5.29
2017-04-21,4.0,20.5,6.25,6.0,6.5,6.5,5.94,6.11,64.57,69.17,5.2,5.27
2017-04-28,4.0,20.5,6.25,6.0,6.5,6.5,6.0,6.19,64.22,69.88,5.61,5.23
,4.0,20.5,6.25,6.0,6.5,6.5,5.99,6.23,64.31,70.6,5.04,5.1
,4.0,20.5,6.25,6.0,6.5,6.5,6.07,6.27,64.3,69.89,5.23,5.07
,4.0,20.5,6.25,6.0,6.5,6.5,6.05,6.27,64.99,72.3,5.17,4.99
,4.0,20.5,6.25,6.0,6.5,6.5,6.04,6.85,64.59,72.33,4.92,4.83
2017-06-02,4.0,20.5,6.25,6.0,6.5,6.5,6.05,6.31,64.42,72.27,4.75,4.81
2017-06-09,4.0,20.5,6.25,6.0,6.5,6.5,6.11,6.27,64.26,71.98,4.76,4.79
2017-06-16,4.0,20.5,6.25,6.0,6.5,6.5,6.07,6.27,64.59,72.05,4.83,4.83
2017-06-23,4.0,20.5,6.25,6.0,6.5,6.5,6.08,6.27,64.54,72.08,4.74,4.77
2017-06-30,4.0,20.0,6.25,6.0,6.5,6.5,6.07,6.27,64.74,74.0,5.19,4.76
2017-07-07,4.0,20.0,6.25,6.0,6.5,6.5,6.05,6.31,64.73,73.88,4.82,4.67
2017-07-14,4.0,20.0,6.25,6.0,6.5,6.5,6.06,6.23,64.45,73.57,4.84,4.84
2017-07-21,4.0,20.0,6.25,6.0,6.5,6.5,6.07,6.11,64.32,74.88,5.22,4.73
2017-07-28,4.0,20.0,6.25,6.0,6.5,6.5,6.08,6.15,64.15,74.98,4.68,4.61
2017-08-04,4.0,20.0,6.0,5.75,6.25,6.25,5.97,6.15,63.71,75.66,4.71,4.65
2017-08-11,4.0,20.0,6.0,5.75,6.25,6.25,5.88,6.15,64.17,75.46,4.96,4.55
2017-08-18,4.0,20.0,6.0,5.75,6.25,6.25,5.85,6.15,64.1,75.21,4.68,4.56
2017-08-25,4.0,20.0,6.0,5.75,6.25,6.25,5.93,6.11,64.07,75.58,4.68,4.53
2017-09-01,4.0,20.0,6.0,5.75,6.25,6.25,5.84,6.11,63.98,76.1,4.31,4.31
2017-09-08,4.0,20.0,6.0,5.75,6.25,6.25,5.84,6.07,63.87,77.04,4.23,4.26
2017-09-15,4.0,20.0,6.0,5.75,6.25,6.25,5.89,6.11,64.08,76.4,4.87,4.24
2017-09-22,4.0,20.0,6.0,5.75,6.25,6.25,5.91,6.11,64.96,77.76,4.43,4.19
2017-09-29,4.0,20.0,6.0,5.75,6.25,6.25,5.88,6.11,65.36,77.06,4.96,4.28
2017-10-06,4.0,20.0,6.0,5.75,6.25,6.25,5.84,6.07,65.23,76.26,4.78,4.42
2017-10-13,4.0,20.0,6.0,5.75,6.25,6.25,5.86,6.07,64.93,76.88,4.62,4.31
2017-10-20,4.0,19.5,6.0,5.75,6.25,6.25,5.98,6.11,65.06,76.54,4.61,4.3
2017-10-27,4.0,19.5,6.0,5.75,6.25,6.25,5.85,6.11,65.09,75.68,4.52,4.36
2017-11-03,4.0,19.5,6.0,5.75,6.25,6.25,5.86,6.11,64.58,75.33,4.46,4.46
2017-11-10,4.0,19.5,6.0,5.75,6.25,6.25,5.88,6.11,65.01,75.74,4.43,4.46
2017-11-17,4.0,19.5,6.0,5.75,6.25,6.25,5.86,6.11,64.85,76.56,4.44,4.38
2017-11-24,4.0,19.5,6.0,5.75,6.25,6.25,5.89,6.11,64.73,76.72,4.26,4.08
2017-12-01,4.0,19.5,6.0,5.75,6.25,6.25,5.87,6.15,64.43,76.49,4.28,4.1
2017-12-08,4.0,19.5,6.0,5.75,6.25,6.25,5.83,6.15,64.46,75.8,3.72,3.94
2017-12-15,4.0,19.5,6.0,5.75,6.25,6.25,5.86,6.15,64.1,75.52,3.84,4.09
2017-12-22,4.0,19.5,6.0,5.75,6.25,6.25,5.98,6.19,64.04,75.88,3.84,4.0
2017-12-29,4.0,19.5,6.0,5.75,6.25,6.25,5.99,6.19,63.93,76.39,4.32,4.44
2018-01-05,4.0,19.5,6.0,5.75,6.25,6.25,5.87,6.27,63.38,76.5,4.17,4.42
2018-01-12,4.0,19.5,6.0,5.75,6.25,6.25,5.88,6.31,63.53,76.53,4.34,4.6
2018-01-19,4.0,19.5,6.0,5.75,6.25,6.25,5.9,6.36,63.72,78.14,4.33,4.61
2018-01-26,4.0,19.5,6.0,5.75,6.25,6.25,5.9,6.4,63.5,79.07,4.16,4.57
2018-02-02,4.0,19.5,6.0,5.75,6.25,6.25,5.9,6.4,64.08,80.03,4.4,4.93
2018-02-09,4.0,19.5,6.0,5.75,6.25,6.25,5.88,6.4,64.37,78.89,4.47,4.85
2018-02-16,4.0,19.5,6.0,5.75,6.25,6.25,5.96,6.36,63.91,80.17,4.32,4.76
2018-02-23,4.0,19.5,6.0,5.75,6.25,6.25,5.94,6.36,64.82,79.76,4.26,4.5
2018-03-02,4.0,19.5,6.0,5.75,6.25,6.25,5.93,6.36,65.23,79.5,4.69,4.32
2018-03-09,4.0,19.5,6.0,5.75,6.25,6.25,5.88,6.31,65.08,80.16,5.07,4.55
2018-03-16,4.0,19.5,6.0,5.75,6.25,6.25,5.9,6.23,64.87,79.91,5.36,4.69
2018-03-23,4.0,19.5,6.0,5.75,6.25,6.25,5.92,6.15,65.13,80.34,5.71,4.58
2018-03-30,4.0,19.5,6.0,5.75,6.25,6.25,6.15,6.11,65.04,80.62,4.61,4.37
2018-04-06,4.0,19.5,6.0,5.75,6.25,6.25,5.91,6.11,64.99,79.51,4.34,4.15
2018-04-13,4.0,19.5,6.0,5.75,6.25,6.25,5.87,6.11,65.22,80.34,4.23,4.05
2018-04-20,4.0,19.5,6.0,5.75,6.25,6.25,5.91,6.11,66.02,81.46,4.18,4.15
2018-04-27,4.0,19.5,6.0,5.75,6.25,6.25,5.92,6.19,66.78,80.74,4.22,3.89
,4.0,19.5,6.0,5.75,6.25,6.25,5.9,6.23,66.77,79.97,4.13,3.95
,4.0,19.5,6.0,5.75,6.25,6.25,5.9,6.27,67.22,80.09,4.28,4.11
,4.0,19.5,6.0,5.75,6.25,6.25,5.91,6.31,67.96,80.28,4.06,3.97
,4.0,19.5,6.0,5.75,6.25,6.25,5.94,6.4,68.26,79.88,4.13,4.01
2018-06-01,4.0,19.5,6.0,5.75,6.25,6.25,5.91,6.4,67.18,78.41,4.11,4.17
2018-06-08,4.0,19.5,6.25,6.0,6.5,6.5,5.95,6.52,67.52,79.58,4.09,4.24
2018-06-15,4.0,19.5,6.25,6.0,6.5,6.5,6.09,6.52,67.97,78.61,4.15,4.24
2018-06-22,4.0,19.5,6.25,6.0,6.5,6.5,6.22,6.48,67.77,78.86,4.07,4.28
2018-06-29,4.0,19.5,6.25,6.0,6.5,6.5,6.17,6.52,68.58,79.85,4.46,4.37
2018-07-06,4.0,19.5,6.25,6.0,6.5,6.5,6.12,6.48,68.88,80.63,4.36,4.38
2018-07-13,4.0,19.5,6.25,6.0,6.5,6.5,6.16,6.52,68.41,79.77,4.74,4.39
2018-07-20,4.0,19.5,6.25,6.0,6.5,6.5,6.16,6.52,68.85,80.31,4.18,4.3
2018-07-27,4.0,19.5,6.25,6.0,6.5,6.5,6.21,6.69,68.7,79.78,4.37,4.37
2018-08-03,4.0,19.5,6.5,6.25,6.75,6.75,6.24,6.73,68.79,79.68,4.54,4.54
2018-08-10,4.0,19.5,6.5,6.25,6.75,6.75,6.35,6.69,68.95,77.23,4.52,4.35
2018-08-17,4.0,19.5,6.5,6.25,6.75,6.75,6.39,6.77,70.23,80.06,4.44,4.56
2018-08-24,4.0,19.5,6.5,6.25,6.75,6.75,6.39,6.81,70.14,81.17,4.62,4.45
2018-08-31,4.0,19.5,6.5,6.25,6.75,6.75,6.36,6.81,70.93,82.84,4.4,4.34
2018-09-07,4.0,19.5,6.5,6.25,6.75,6.75,6.32,6.85,71.9,83.67,4.51,4.42
2018-09-14,4.0,19.5,6.5,6.25,6.75,6.75,6.46,6.98,71.81,83.98,4.85,4.65
2018-09-21,4.0,19.5,6.5,6.25,6.75,6.75,6.57,7.06,71.85,84.68,4.68,4.68
2018-09-28,4.0,19.5,6.5,6.25,6.75,6.75,6.49,7.19,72.55,84.44,4.96,4.58
2018-10-05,4.0,19.5,6.5,6.25,6.75,6.75,6.34,7.14,73.58,84.7,4.73,4.59
2018-10-12,4.0,19.5,6.5,6.25,6.75,6.75,6.41,6.94,73.8,85.55,4.88,4.55
2018-10-19,4.0,19.5,6.5,6.25,6.75,6.75,6.53,6.94,73.44,84.17,5.23,4.49
2018-10-26,4.0,19.5,6.5,6.25,6.75,6.75,6.5,6.94,73.37,83.41,4.58,4.36
2018-11-02,4.0,19.5,6.5,6.25,6.75,6.75,6.43,6.94,72.88,83.23,4.28,4.17
2018-11-09,4.0,19.5,6.5,6.25,6.75,6.75,6.43,6.94,72.73,82.52,4.12,4.01
2018-11-16,4.0,19.5,6.5,6.25,6.75,6.75,6.38,6.9,71.8,81.46,4.26,4.01
2018-11-23,4.0,19.5,6.5,6.25,6.75,6.75,6.42,6.81,71.18,81.19,4.38,4.05
2018-11-30,4.0,19.5,6.5,6.25,6.75,6.75,6.39,6.77,69.66,79.36,4.31,4.02
2018-12-07,4.0,19.5,6.5,6.25,6.75,6.75,6.36,6.73,70.57,80.23,4.08,3.94
2018-12-14,4.0,19.5,6.5,6.25,6.75,6.75,6.44,6.69,71.74,81.46,4.18,3.9
2018-12-21,4.0,19.5,6.5,6.25,6.75,6.75,6.49,6.6,70.04,80.21,4.45,3.94
2018-12-28,4.0,19.5,6.5,6.25,6.75,6.75,6.57,6.65,69.98,80.18,4.37,3.97
2019-01-04,4.0,19.5,6.5,6.25,6.75,6.75,6.35,6.65,69.87,79.57,4.12,4.06
2019-01-11,4.0,19.25,6.5,6.25,6.75,6.75,6.35,6.65,70.47,81.21,4.09,4.06
2019-01-18,4.0,19.25,6.5,6.25,6.75,6.75,6.41,6.65,71.14,81.07,4.22,4.19
2019-01-25,4.0,19.25,6.5,6.25,6.75,6.75,6.43,6.6,71.11,80.5,4.05,4.22
2019-02-01,4.0,19.25,6.5,6.25,6.75,6.75,6.4,6.56,71.11,81.34,3.8,4.22
2019-02-08,4.0,19.25,6.25,6.0,6.5,6.5,6.39,6.56,71.29,80.83,3.7,4.15
2019-02-15,4.0,19.25,6.25,6.0,6.5,6.5,6.26,6.4,71.25,80.42,4.21,4.32
2019-02-22,4.0,19.25,6.25,6.0,6.5,6.5,6.29,6.4,71.22,80.75,4.13,4.38
2019-03-01,4.0,19.25,6.25,6.0,6.5,6.5,6.22,6.4,70.97,80.72,5.16,4.57
2019-03-08,4.0,19.25,6.25,6.0,6.5,6.5,6.15,6.4,70.1,78.55,4.79,4.51
2019-03-15,4.0,19.25,6.25,6.0,6.5,6.5,6.18,6.36,69.21,78.34,5.11,4.16
2019-03-22,4.0,19.25,6.25,6.0,6.5,6.5,6.2,6.31,68.66,78.14,4.98,4.25
2019-03-29,4.0,19.25,6.25,6.0,6.5,6.5,6.35,6.31,69.17,77.7,6.07,4.8
2019-04-05,4.0,19.25,6.0,5.75,6.25,6.25,6.18,6.23,69.2,77.73,4.86,4.51
2019-04-12,4.0,19.25,6.0,5.75,6.25,6.25,6.0,6.27,69.32,78.23,5.37,4.88
2019-04-19,4.0,19.0,6.0,5.75,6.25,6.25,6.05,6.31,69.42,78.43,5.01,4.58
2019-04-26,4.0,19.0,6.0,5.75,6.25,6.25,6.16,6.4,70.14,78.13,4.83,4.51
,4.0,19.0,6.0,5.75,6.25,6.25,6.08,6.44,69.27,77.34,4.85,4.62
,4.0,19.0,6.0,5.75,6.25,6.25,5.95,6.48,69.92,78.49,4.63,4.4
,4.0,19.0,6.0,5.75,6.25,6.25,5.95,6.4,70.17,78.43,4.62,4.45
,4.0,19.0,6.0,5.75,6.25,6.25,5.93,6.36,69.61,77.97,4.14,4.19
,4.0,19.0,6.0,5.75,6.25,6.25,5.9,6.19,69.81,77.73,3.95,3.95
2019-06-07,4.0,19.0,5.75,5.5,6.0,6.0,5.81,6.07,69.3,78.07,3.98,4.07
2019-06-14,4.0,19.0,5.75,5.5,6.0,6.0,5.72,5.94,69.56,78.43,4.31,4.43
2019-06-21,4.0,19.0,5.75,5.5,6.0,6.0,5.78,5.98,69.63,78.59,4.91,4.71
2019-06-28,4.0,19.0,5.75,5.5,6.0,6.0,5.78,6.03,68.92,78.36,4.61,4.64
2019-07-05,4.0,19.0,5.75,5.5,6.0,6.0,5.67,5.98,68.75,77.52,4.36,4.6
2019-07-12,4.0,18.75,5.75,5.5,6.0,6.0,5.62,5.86,68.59,77.29,4.02,4.19
2019-07-19,4.0,18.75,5.75,5.5,6.0,6.0,5.61,5.74,68.82,77.52,4.01,4.15
2019-07-26,4.0,18.75,5.75,5.5,6.0,6.0,5.59,5.74,69.06,76.94,4.0,4.09
2019-08-02,4.0,18.75,5.75,5.5,6.0,6.0,5.58,5.65,69.4,76.94,3.98,4.09
2019-08-09,4.0,18.75,5.4,5.15,5.65,5.65,5.45,5.45,70.52,78.91,3.74,3.86
2019-08-16,4.0,18.75,5.4,5.15,5.65,5.65,5.32,5.49,71.29,79.15,3.7,3.9
2019-08-23,4.0,18.75,5.4,5.15,5.65,5.65,5.32,5.45,71.73,79.39,4.02,4.24
2019-08-30,4.0,18.75,5.4,5.15,5.65,5.65,5.36,5.41,71.76,79.24,3.85,4.18
2019-09-06,4.0,18.75,5.4,5.15,5.65,5.65,5.34,5.37,71.73,79.21,4.18,4.24
2019-09-13,4.0,18.75,5.4,5.15,5.65,5.65,5.31,5.32,70.94,78.56,4.57,4.43
2019-09-20,4.0,18.75,5.4,5.15,5.65,5.65,5.36,5.28,70.94,78.44,4.4,4.17
2019-09-27,4.0,18.75,5.4,5.15,5.65,5.65,5.31,5.41,70.84,77.32,3.98,3.95
2019-10-04,4.0,18.75,5.15,4.9,5.4,5.4,5.26,5.32,70.87,77.78,4.4,3.87
2019-10-11,4.0,18.75,5.15,4.9,5.4,5.4,5.06,5.2,71.03,78.24,3.72,3.8
2019-10-18,4.0,18.5,5.15,4.9,5.4,5.4,5.05,5.12,71.2,79.19,3.79,3.71
2019-10-25,4.0,18.5,5.15,4.9,5.4,5.4,5.07,5.08,70.96,78.81,3.38,3.61
2019-11-01,4.0,18.5,5.15,4.9,5.4,5.4,5.08,5.04,70.88,79.12,3.39,3.7
2019-11-08,4.0,18.5,5.15,4.9,5.4,5.4,5.03,5.03,71.25,78.73,3.03,3.42
2019-11-15,4.0,18.5,5.15,4.9,5.4,5.4,5.07,5.05,71.71,79.04,3.26,3.51
2019-11-22,4.0,18.5,5.15,4.9,5.4,5.4,5.05,5.02,71.85,79.52,3.26,3.34
2019-11-29,4.0,18.5,5.15,4.9,5.4,5.4,5.03,4.99,71.73,78.98,3.35,3.35
2019-12-06,4.0,18.5,5.15,4.9,5.4,5.4,5.02,4.89,71.32,79.19,3.53,3.53
2019-12-13,4.0,18.5,5.15,4.9,5.4,5.4,4.98,5.0,70.72,78.97,3.65,3.73
2019-12-20,4.0,18.5,5.15,4.9,5.4,5.4,5.06,5.01,71.16,79.11,3.88,3.82
2019-12-27,4.0,18.5,5.15,4.9,5.4,5.4,5.11,5.03,71.22,79.19,3.96,3.9
2020-01-03,4.0,18.5,5.15,4.9,5.4,5.4,5.05,4.94,71.69,80.05,3.68,3.93
2020-01-10,4.0,18.25,5.15,4.9,5.4,5.4,4.92,5.05,71.11,79.0,3.71,4.11
2020-01-17,4.0,18.25,5.15,4.9,5.4,5.4,4.97,5.14,71.04,79.14,4.05,4.16
2020-01-24,4.0,18.25,5.15,4.9,5.4,5.4,4.95,5.12,71.24,78.69,3.79,4.15
2020-01-31,4.0,18.25,5.15,4.9,5.4,5.4,4.94,5.13,71.51,78.82,3.52,4.25
2020-02-07,4.0,18.25,5.15,4.9,5.4,5.4,4.97,5.12,71.25,78.23,3.2,3.82
2020-02-14,4.0,18.25,5.15,4.9,5.4,5.4,4.99,5.09,71.39,77.35,3.19,3.64
2020-02-21,4.0,18.25,5.15,4.9,5.4,5.4,4.97,5.06,71.59,77.25,3.35,3.74
2020-02-28,4.0,18.25,5.15,4.9,5.4,5.4,4.96,5.08,72.19,79.44,3.82,3.93
2020-03-06,4.0,18.25,5.15,4.9,5.4,5.4,4.95,4.95,73.66,82.69,5.05,4.29
2020-03-13,4.0,18.25,5.15,4.9,5.4,5.4,4.95,4.87,74.07,82.96,4.86,4.21
2020-03-20,4.0,18.25,5.15,4.9,5.4,5.4,4.97,4.83,75.01,80.65,5.84,4.83
2020-03-27,4.0,18.25,4.4,4.0,4.65,4.65,5.05,5.28,74.84,82.64,8.98,5.93
2020-04-03,3.0,18.25,4.4,4.0,4.65,4.65,4.33,4.36,75.83,82.22,4.98,4.62
2020-04-10,3.0,18.25,4.4,4.0,4.65,4.65,4.25,4.3,76.46,82.92,4.79,4.68
2020-04-17,3.0,18.0,4.4,3.75,4.65,4.65,4.24,4.15,76.54,83.05,4.15,4.13
2020-04-24,3.0,18.0,4.4,3.75,4.65,4.65,4.09,3.73,76.42,82.21,3.93,3.85
,3.0,18.0,4.4,3.75,4.65,4.65,4.08,3.64,75.12,81.62,3.91,3.89
,3.0,18.0,4.4,3.75,4.65,4.65,3.96,3.52,75.44,81.8,3.98,3.95
,3.0,18.0,4.4,3.75,4.65,4.65,3.89,3.48,75.56,81.65,3.81,3.81
,3.0,18.0,4.0,3.35,4.25,4.25,3.86,3.28,75.79,82.82,3.8,3.64
,3.0,18.0,4.0,3.35,4.25,4.25,3.62,3.19,75.64,83.91,3.49,3.6
2020-06-05,3.0,18.0,4.0,3.35,4.25,4.25,3.6,3.35,75.47,85.84,3.34,3.5
2020-06-12,3.0,18.0,4.0,3.35,4.25,4.25,3.54,3.41,75.97,85.87,3.32,3.55
2020-06-19,3.0,18.0,4.0,3.35,4.25,4.25,3.57,3.29,76.21,85.42,3.39,3.54
2020-06-26,3.0,18.0,4.0,3.35,4.25,4.25,3.54,3.19,75.48,84.63,3.66,3.66
2020-07-03,3.0,18.0,4.0,3.35,4.25,4.25,3.54,3.14,74.78,84.05,3.53,3.56
2020-07-10,3.0,18.0,4.0,3.35,4.25,4.25,3.47,3.18,75.29,84.8,3.83,3.77
2020-07-17,3.0,18.0,4.0,3.35,4.25,4.25,3.49,3.22,75.1,85.5,3.75,3.73
2020-07-24,3.0,18.0,4.0,3.35,4.25,4.25,3.45,3.25,74.87,86.95,3.69,3.77
2020-07-31,3.0,18.0,4.0,3.35,4.25,4.25,3.46,3.3,74.77,88.87,3.61,3.74
2020-08-07,3.0,18.0,4.0,3.35,4.25,4.25,3.42,3.28,74.96,88.78,3.52,3.68
2020-08-14,3.0,18.0,4.0,3.35,4.25,4.25,3.44,3.27,74.77,88.39,3.61,3.77
2020-08-21,3.0,18.0,4.0,3.35,4.25,4.25,3.43,3.15,74.88,88.86,3.77,3.93
2020-08-28,3.0,18.0,4.0,3.35,4.25,4.25,3.43,3.24,73.35,87.07,3.76,3.9
2020-09-04,3.0,18.0,4.0,3.35,4.25,4.25,3.42,3.19,73.34,86.85,3.68,3.76
2020-09-11,3.0,18.0,4.0,3.35,4.25,4.25,3.4,3.23,73.47,86.97,3.76,3.95
2020-09-18,3.0,18.0,4.0,3.35,4.25,4.25,3.41,3.32,73.3,86.88,3.85,3.96
2020-09-25,3.0,18.0,4.0,3.35,4.25,4.25,3.41,3.36,73.73,86.04,3.74,3.8
2020-10-02,3.0,18.0,4.0,3.35,4.25,4.25,3.41,3.36,73.38,86.22,3.68,3.82
2020-10-09,3.0,18.0,4.0,3.35,4.25,4.25,3.41,3.28,73.21,86.21,3.61,3.72
2020-10-16,3.0,18.0,4.0,3.35,4.25,4.25,3.39,3.25,73.38,85.84,3.43,3.65
2020-10-23,3.0,18.0,4.0,3.35,4.25,4.25,3.27,3.19,73.58,86.78,3.34,3.56
2020-10-30,3.0,18.0,4.0,3.35,4.25,4.25,3.19,3.2,73.97,86.97,3.24,3.46
2020-11-06,3.0,18.0,4.0,3.35,4.25,4.25,3.17,3.17,74.05,87.52,3.32,3.51
2020-11-13,3.0,18.0,4.0,3.35,4.25,4.25,3.2,3.14,74.67,88.15,3.37,3.54
2020-11-20,3.0,18.0,4.0,3.35,4.25,4.25,3.13,2.98,74.16,88.15,3.32,3.56
2020-11-27,3.0,18.0,4.0,3.35,4.25,4.25,3.1,2.93,73.8,88.02,3.36,3.52
2020-12-04,3.0,18.0,4.0,3.35,4.25,4.25,3.07,3.05,73.74,89.64,3.58,3.58
2020-12-11,3.0,18.0,4.0,3.35,4.25,4.25,3.12,3.11,73.59,89.47,3.47,3.51
2020-12-18,3.0,18.0,4.0,3.35,4.25,4.25,3.2,3.13,73.51,90.03,3.55,3.59
2020-12-25,3.0,18.0,4.0,3.35,4.25,4.25,3.24,3.11,73.58,89.81,3.84,3.75
2021-01-01,3.0,18.0,4.0,3.35,4.25,4.25,3.22,3.08,73.03,89.23,3.99,4.0
2021-01-08,3.0,18.0,4.0,3.35,4.25,4.25,3.16,3.04,73.33,89.94,3.93,4.17
2021-01-15,3.0,18.0,4.0,3.35,4.25,4.25,3.2,3.27,73.02,88.64,4.32,4.82
2021-01-22,3.0,18.0,4.0,3.35,4.25,4.25,3.17,3.32,73.04,88.86,4.44,5.37
2021-01-29,3.0,18.0,4.0,3.35,4.25,4.25,3.23,3.35,72.95,88.3,4.19,5.48
2021-02-05,3.0,18.0,4.0,3.35,4.25,4.25,3.2,3.37,72.9,87.2,3.95,5.65
2021-02-12,3.0,18.0,4.0,3.35,4.25,4.25,3.25,3.33,72.8,88.29,4.12,5.88
2021-02-19,3.0,18.0,4.0,3.35,4.25,4.25,3.22,3.18,72.73,87.61,4.21,5.77
2021-02-26,3.0,18.0,4.0,3.35,4.25,4.25,3.25,3.17,73.04,88.8,5.59,5.59
2021-03-05,3.0,18.0,4.0,3.35,4.25,4.25,3.18,3.22,72.76,86.99,5.36,5.5
2021-03-12,3.0,18.0,4.0,3.35,4.25,4.25,3.19,3.25,72.68,86.88,5.78,5.45
2021-03-19,3.0,18.0,4.0,3.35,4.25,4.25,3.25,3.29,72.52,86.45,6.62,5.68
2021-03-26,3.0,18.0,4.0,3.35,4.25,4.25,3.25,3.33,72.4,85.31,6.8,5.64
2021-04-02,3.5,18.0,4.0,3.35,4.25,4.25,3.25,3.32,73.5,86.1,4.9,4.84
2021-04-09,3.5,18.0,4.0,3.35,4.25,4.25,3.14,3.35,74.89,89.04,4.19,4.35
2021-04-16,3.5,18.0,4.0,3.35,4.25,4.25,3.21,3.35,74.56,89.19,5.07,4.94
2021-04-23,3.5,18.0,4.0,3.35,4.25,4.25,3.22,3.34,74.91,90.09,5.45,5.07
2021-04-30,3.5,18.0,4.0,3.35,4.25,4.25,3.21,3.32,74.02,89.69,6.0,5.38
2021-05-07,3.5,18.0,4.0,3.35,4.25,4.25,3.22,3.33,73.74,88.9,5.37,5.32
2021-05-14,3.5,18.0,4.0,3.35,4.25,4.25,3.23,3.37,73.37,88.76,6.05,5.89
2021-05-21,3.5,18.0,4.0,3.35,4.25,4.25,3.15,3.38,73.02,89.31,5.83,5.72
2021-05-28,4.0,18.0,4.0,3.35,4.25,4.25,3.18,3.4,72.48,88.23,5.46,5.63
2021-06-04,4.0,18.0,4.0,3.35,4.25,4.25,3.13,3.41,73.03,88.45,3.62,4.08
2021-06-11,4.0,18.0,4.0,3.35,4.25,4.25,3.11,3.4,72.98,88.98,4.19,4.3
2021-06-18,4.0,18.0,4.0,3.35,4.25,4.25,3.16,3.47,74.14,88.26,3.97,4.15
2021-06-25,4.0,18.0,4.0,3.35,4.25,4.25,3.15,3.47,74.18,88.57,3.8,3.99
